Dataset,RQ,Window Size,Hop Length,Corr Tres/ PCA Dim,Model,Parameter,F1 Score,Accuracy,Precision,Recall
1,1,1,1.0,0.7,svm,"{'C': 0.1, 'gamma': 'scale', 'kernel': 'linear'}",0.7208548262787193,0.7246621621621622,0.7341034713599388,0.7246621621621622
1,1,1,1.0,0.7,svm,"{'C': 0.1, 'gamma': 'scale', 'kernel': 'rbf'}",0.7049873578059852,0.7105855855855856,0.7236437541081276,0.7105855855855856
